,timestamp,rate
0,2018-07-27T00:00:00Z,0.074000000000000000000000000000000
1,2018-07-28T00:00:00Z,0.0742000000000000000000000000000000
2,2018-07-29T00:00:00Z,0.0719000000000000000000000000000000
3,2018-07-30T00:00:00Z,0.070461390849945451321433062414857613
4,2018-07-31T00:00:00Z,0.066109677015635408057688686330799358
5,2018-08-01T00:00:00Z,0.06036000000000000000000000000000000
6,2018-08-02T00:00:00Z,0.063994000000000000000000000000000000
7,2018-08-03T00:00:00Z,0.057532804498745385194208979294637661
8,2018-08-04T00:00:00Z,0.055671337405831517416480805609245262
9,2018-08-05T00:00:00Z,0.058259062639090704397015634182021754
10,2018-08-06T00:00:00Z,0.05253615971009384682352182389730
11,2018-08-07T00:00:00Z,0.048032662449081312779802062808081764
12,2018-08-08T00:00:00Z,0.040331491741856076525054430696599
13,2018-08-09T00:00:00Z,0.044050790647327881708277076052213479
14,2018-08-10T00:00:00Z,0.040697619986414248177377151741136682
15,2018-08-11T00:00:00Z,0.037862294667249781687828875457325844
16,2018-08-12T00:00:00Z,0.037124698157704948098248120025249856
17,2018-08-13T00:00:00Z,0.03109977456916509883890453116666
18,2018-08-14T00:00:00Z,0.027612868596684888329869404903848597
19,2018-08-15T00:00:00Z,0.02899345385869599306091218286924526
20,2018-08-16T00:00:00Z,0.030426935962953312286672933352840511
21,2018-08-17T00:00:00Z,0.041097687223959928416454270665810426
22,2018-08-18T00:00:00Z,0.036881869087457352950436766873296353
23,2018-08-19T00:00:00Z,0.038847357583850284269936598656939193
24,2018-08-20T00:00:00Z,0.034748496210298899297953797417953886
25,2018-08-21T00:00:00Z,0.034876589794939440601024615507046819
26,2018-08-22T00:00:00Z,0.034551204674259686352568092073551470
27,2018-08-23T00:00:00Z,0.036926003825106535656304616757910262
28,2018-08-24T00:00:00Z,0.038603266732964231224665561423900638
29,2018-08-25T00:00:00Z,0.040753653217299226571168294248222483
30,2018-08-26T00:00:00Z,0.042011635415486268738779037872862740
31,2018-08-27T00:00:00Z,0.043426288155197859626935723171172864
32,2018-08-28T00:00:00Z,0.0477000877940909232562671369765003
33,2018-08-29T00:00:00Z,0.045486189792402679186449165062615
34,2018-08-30T00:00:00Z,0.044972606706534523223209548762308649
35,2018-08-31T00:00:00Z,0.044431412641785733687042719867441233
36,2018-09-01T00:00:00Z,0.0467034133393539895507357182203760
37,2018-09-02T00:00:00Z,0.0452658226990690118851956415541236
38,2018-09-03T00:00:00Z,0.044810233756192873507244733733629612
39,2018-09-04T00:00:00Z,0.045951861800860942395383178670815176
40,2018-09-05T00:00:00Z,0.036777288418617880855576999762410993
41,2018-09-06T00:00:00Z,0.0391691555353042496853599692501312
42,2018-09-07T00:00:00Z,0.036862278102028312701662875511341958
43,2018-09-08T00:00:00Z,0.035632635682244944693190028890847509
44,2018-09-09T00:00:00Z,0.0355057691266840742643993648528912
45,2018-09-10T00:00:00Z,0.035375300064908451857247862047444429
46,2018-09-11T00:00:00Z,0.0332536390586927132453683101400595
47,2018-09-12T00:00:00Z,0.032321739618814737388552745656208053
48,2018-09-13T00:00:00Z,0.034444173483454610423982909959274477
49,2018-09-14T00:00:00Z,0.033604601746743400086229253585049103
50,2018-09-15T00:00:00Z,0.033972840399779837520356060286717248
51,2018-09-16T00:00:00Z,0.034684807839900808432984546241464843
52,2018-09-17T00:00:00Z,0.032444297891319109205050603571729780
53,2018-09-18T00:00:00Z,0.033107244299952583406027252968836091
54,2018-09-19T00:00:00Z,0.033071127162172999232990300925587411
55,2018-09-20T00:00:00Z,0.034719460434680461404906429387661451
56,2018-09-21T00:00:00Z,0.037146930420553613902075536820759263
57,2018-09-22T00:00:00Z,0.035382328069470872432370264428219315
58,2018-09-23T00:00:00Z,0.036143657352475319203399396846504157
59,2018-09-24T00:00:00Z,0.035507774522003652304360149277804864
60,2018-09-25T00:00:00Z,0.034330204152567559062180284031206121
61,2018-09-26T00:00:00Z,0.034561612509230725687424363718097898
62,2018-09-27T00:00:00Z,0.035332354546067015251224811746226165
63,2018-09-28T00:00:00Z,0.035388491783315909453086941269555980
64,2018-09-29T00:00:00Z,0.035308590443850072856948140820031469
65,2018-09-30T00:00:00Z,0.035579673870973426179751306731129190
66,2018-10-01T00:00:00Z,0.036931385039406639030738681811922799
67,2018-10-02T00:00:00Z,0.038827295622168562669478695827096812
68,2018-10-03T00:00:00Z,0.037918553805605256511797896591084785
69,2018-10-04T00:00:00Z,0.0371943208000328637546633314267451
70,2018-10-05T00:00:00Z,0.036625548204054958028052017453584929
71,2018-10-06T00:00:00Z,0.036325580535689949078845991896858579
72,2018-10-07T00:00:00Z,0.036578716509537177020691669969983374
73,2018-10-08T00:00:00Z,0.036931748002381851831463987288900955
74,2018-10-09T00:00:00Z,0.03792391373205557195515261819189616
75,2018-10-10T00:00:00Z,0.0378509769200240083992409408918779
76,2018-10-11T00:00:00Z,0.031717766453757526331929305130050965
77,2018-10-12T00:00:00Z,0.032412808986126419556366927578645135
78,2018-10-13T00:00:00Z,0.033229370729758758273243297008881
79,2018-10-14T00:00:00Z,0.033151652913623581305917492159043198
80,2018-10-15T00:00:00Z,0.034019385627659844849329506446445
81,2018-10-16T00:00:00Z,0.033722710548939964464398707960445622
82,2018-10-17T00:00:00Z,0.034822893259432628223116227387149452
83,2018-10-18T00:00:00Z,0.033780129441743568239556889769708060
84,2018-10-19T00:00:00Z,0.03370826850134703838459830276165823
85,2018-10-20T00:00:00Z,0.034274097738304947265038495799257899
86,2018-10-21T00:00:00Z,0.034105047315206411845394124247764873
87,2018-10-22T00:00:00Z,0.0343850076385067643335014740100883
88,2018-10-23T00:00:00Z,0.034113878475544529894153827208312832
89,2018-10-24T00:00:00Z,0.034283172296777520663135424591845016
90,2018-10-25T00:00:00Z,0.034007596260158837146303308781298726
91,2018-10-26T00:00:00Z,0.036089273870621393559712796196013991
92,2018-10-27T00:00:00Z,0.03484216971164284706218277576959190
93,2018-10-28T00:00:00Z,0.035343201655956705726800453009294752
94,2018-10-29T00:00:00Z,0.033152164887713513268828586974329913
95,2018-10-30T00:00:00Z,0.034210579651371300419771968712131400
96,2018-10-31T00:00:00Z,0.034521437133034693856096510511088892
97,2018-11-01T00:00:00Z,0.0350842892980535552785090971163045
98,2018-11-02T00:00:00Z,0.035649151195438175120159773219853463
99,2018-11-03T00:00:00Z,0.035155545510533994075835002752638127
100,2018-11-04T00:00:00Z,0.036291044288490217389670690164862722
101,2018-11-05T00:00:00Z,0.035456047481044091363008027214401271
102,2018-11-06T00:00:00Z,0.035812154205809396395621873616161675
103,2018-11-07T00:00:00Z,0.03535331274525492856776949447134970
104,2018-11-08T00:00:00Z,0.035560526954766002934723011751168133
105,2018-11-09T00:00:00Z,0.034981622627937505145626997929619911
106,2018-11-10T00:00:00Z,0.034493197130016105958788672590725801
107,2018-11-11T00:00:00Z,0.033894254462569103453004293899350225
108,2018-11-12T00:00:00Z,0.033573224568513889802846213426089
109,2018-11-13T00:00:00Z,0.03338003234487274672351369467534740
110,2018-11-14T00:00:00Z,0.030283273967512014810442638225967990
111,2018-11-15T00:00:00Z,0.028081930858862729970966860910375332
112,2018-11-16T00:00:00Z,0.026884245254642227028794819355199075
113,2018-11-17T00:00:00Z,0.027283778887934856519738424096865803
114,2018-11-18T00:00:00Z,0.027019249779398535792973944360961016
115,2018-11-19T00:00:00Z,0.02157861526296171032218382659141868
116,2018-11-20T00:00:00Z,0.018094516079646043760153502971245715
117,2018-11-21T00:00:00Z,0.018496243823846749543906890753874993
118,2018-11-22T00:00:00Z,0.017135383565968995435662293607289769
119,2018-11-23T00:00:00Z,0.016891879544137833797886330783758632
120,2018-11-24T00:00:00Z,0.014909460591259884353003178923487063
121,2018-11-25T00:00:00Z,0.0149196722596421678206376294011386
122,2018-11-26T00:00:00Z,0.014278553861717148977500542130439390
123,2018-11-27T00:00:00Z,0.018849177134741917723519687143450576
124,2018-11-28T00:00:00Z,0.019799231032572669904745294304870103
125,2018-11-29T00:00:00Z,0.019425924705169928883599746842249593
126,2018-11-30T00:00:00Z,0.017797423725665349881067713024063868
127,2018-12-01T00:00:00Z,0.018295096725842835292044668844024562
128,2018-12-02T00:00:00Z,0.017858238632348045588956082078515693
129,2018-12-03T00:00:00Z,0.016543591507943970847085785477224346
130,2018-12-04T00:00:00Z,0.016948237349420760644185874254104401
131,2018-12-05T00:00:00Z,0.015742033938289734874444481078972733
132,2018-12-06T00:00:00Z,0.013663611810047395185619717683501687
133,2018-12-07T00:00:00Z,0.013822622277850566530489816098635889
134,2018-12-08T00:00:00Z,0.013510120748223623539725104484406836
135,2018-12-09T00:00:00Z,0.014145931594293105615210640072690900
136,2018-12-10T00:00:00Z,0.013530306152346744454811486828829631
137,2018-12-11T00:00:00Z,0.013423105140336370405209940885192995
138,2018-12-12T00:00:00Z,0.013918618754911203709809535371220110
139,2018-12-13T00:00:00Z,0.013157424592291474956887754198564685
140,2018-12-14T00:00:00Z,0.012765209716901472436879916056480130
141,2018-12-15T00:00:00Z,0.012625628741597334124085386706330815
142,2018-12-16T00:00:00Z,0.012891239830353356579832055680803421
143,2018-12-17T00:00:00Z,0.013962733146179021484805568366805646
144,2018-12-18T00:00:00Z,0.015506457507894382041367110516522337
145,2018-12-19T00:00:00Z,0.015197712544033075457818516845056284
146,2018-12-20T00:00:00Z,0.016828117510197123248296683956557598
147,2018-12-21T00:00:00Z,0.017395181501902752566131028596904679
148,2018-12-22T00:00:00Z,0.018246414100721045866121133071759860
149,2018-12-23T00:00:00Z,0.019753622722291369715581656073603807
150,2018-12-24T00:00:00Z,0.02012007420201557719718669863704324
151,2018-12-25T00:00:00Z,0.017879692393789598342401064910330238
152,2018-12-26T00:00:00Z,0.018512964717078225718670957430158745
153,2018-12-27T00:00:00Z,0.017001171276052826079367895214446418
154,2018-12-28T00:00:00Z,0.019811146718810319901861628479194929
155,2018-12-29T00:00:00Z,0.020952053699950181422100229423187568
156,2018-12-30T00:00:00Z,0.020771103238807849840489525856741489
157,2018-12-31T00:00:00Z,0.019596744196697396187806072554407402
158,2019-01-01T00:00:00Z,0.020655604892219322991819194050100994
159,2019-01-02T00:00:00Z,0.020722896723133099143541261371225954
160,2019-01-03T00:00:00Z,0.019945937814105994675856140340927857
161,2019-01-04T00:00:00Z,0.020530631723346151487303954820672096
162,2019-01-05T00:00:00Z,0.0205066741276915886576641979291845
163,2019-01-06T00:00:00Z,0.021491489791111862928888421762468319
164,2019-01-07T00:00:00Z,0.022413585246829792610942166863885649
165,2019-01-08T00:00:00Z,0.0237170037358022989605923712043308
166,2019-01-09T00:00:00Z,0.023888773377957874310722473034802950
167,2019-01-10T00:00:00Z,0.020453429747665638353669447704694187
168,2019-01-11T00:00:00Z,0.020311474014003649070882183954201660
169,2019-01-12T00:00:00Z,0.020476194000913493330290538716099057
170,2019-01-13T00:00:00Z,0.018505010423129813262084849463500323
171,2019-01-14T00:00:00Z,0.020457767837852213740739668848182529
172,2019-01-15T00:00:00Z,0.021905401329681284963246722520197827
173,2019-01-16T00:00:00Z,0.023056935736409902076517226482861036
174,2019-01-17T00:00:00Z,0.022596628061412967793105606465527288
175,2019-01-18T00:00:00Z,0.0218978129028781066719726134779811
176,2019-01-19T00:00:00Z,0.022089512635498810769808997918055604
177,2019-01-20T00:00:00Z,0.0212919088288798367684700843048527
178,2019-01-21T00:00:00Z,0.020820756667863450351623757883982808
179,2019-01-22T00:00:00Z,0.022568759369473276190502172974626885
180,2019-01-23T00:00:00Z,0.021727790681540229487920164272984963
181,2019-01-24T00:00:00Z,0.021725955375460855413885681287349166
182,2019-01-25T00:00:00Z,0.021348722184806891694306011992869525
183,2019-01-26T00:00:00Z,0.021946086507451285627186341196947244
184,2019-01-27T00:00:00Z,0.022754106515782653252839411140767028
185,2019-01-28T00:00:00Z,0.02079126590169010751823283481965252
186,2019-01-29T00:00:00Z,0.020396450422114691919913131199083577
187,2019-01-30T00:00:00Z,0.019991082109713881508695454162154038
188,2019-01-31T00:00:00Z,0.018167235187020366011366374723030990
189,2019-02-01T00:00:00Z,0.018022226747066911087087561961859717
190,2019-02-02T00:00:00Z,0.017918452932370463429417604242785525
191,2019-02-03T00:00:00Z,0.017298590392143536528410418628221091
192,2019-02-04T00:00:00Z,0.017487350942837579945205637311039462
193,2019-02-05T00:00:00Z,0.017260606183906725442664936321278194
194,2019-02-06T00:00:00Z,0.016412135323945511419863573302685451
195,2019-02-07T00:00:00Z,0.016630300510658276894586837926117282
196,2019-02-08T00:00:00Z,0.017245922663311048187449384057179113
197,2019-02-09T00:00:00Z,0.01688802166509373303054895885926207
198,2019-02-10T00:00:00Z,0.0169706977453050562783109392321087
199,2019-02-11T00:00:00Z,0.016610952263471937547589763823577206
200,2019-02-12T00:00:00Z,0.0166954333580525637792789153046103
201,2019-02-13T00:00:00Z,0.016666742113641380349561048678137455
202,2019-02-14T00:00:00Z,0.016498673748918957964271316212346408
203,2019-02-15T00:00:00Z,0.016561702963634246413669601819781892
204,2019-02-16T00:00:00Z,0.016954777092761630387402527370723125
205,2019-02-17T00:00:00Z,0.017133252594615749774824894794993658
206,2019-02-18T00:00:00Z,0.0175897312154621933549388890420438
207,2019-02-19T00:00:00Z,0.018134463805322346190414033348358795
208,2019-02-20T00:00:00Z,0.018285489777774060993238933280235038
209,2019-02-21T00:00:00Z,0.017906911588024659013660262493256651
210,2019-02-22T00:00:00Z,0.017877613305021509896057034692813326
211,2019-02-23T00:00:00Z,0.018483904415005629900723189245191731
212,2019-02-24T00:00:00Z,0.016672567725435345578372959487275250
213,2019-02-25T00:00:00Z,0.0171268390135924205172265055867416
214,2019-02-26T00:00:00Z,0.017643297234170575178314771804925067
215,2019-02-27T00:00:00Z,0.017305410841854738403020491181431208
216,2019-02-28T00:00:00Z,0.017008886415846682051991822565817504
217,2019-03-01T00:00:00Z,0.016989573418018184127588248570633997
218,2019-03-02T00:00:00Z,0.016850526224073951995649074850141412
219,2019-03-03T00:00:00Z,0.016593671708578074536294418963482972
220,2019-03-04T00:00:00Z,0.016129560038086174011435537638802765
221,2019-03-05T00:00:00Z,0.016422599010265893111256157615233170
222,2019-03-06T00:00:00Z,0.016347190475615082242736285234284328
223,2019-03-07T00:00:00Z,0.016680936594379648656381589334190779
224,2019-03-08T00:00:00Z,0.016976938037906117173247081082790781
225,2019-03-09T00:00:00Z,0.01776668131324767377624513621358436
226,2019-03-10T00:00:00Z,0.017404663221668533621341058035910702
227,2019-03-11T00:00:00Z,0.017186847883966850153808037777529844
228,2019-03-12T00:00:00Z,0.017505809970764658772809551001055543
229,2019-03-13T00:00:00Z,0.018258668818744926466497996357267432
230,2019-03-14T00:00:00Z,0.017957101164791863358268820611791176
231,2019-03-15T00:00:00Z,0.017970286276507619719278375459124478
232,2019-03-16T00:00:00Z,0.017917937363676320483814782738323262
233,2019-03-17T00:00:00Z,0.017663540541724430528826776940766793
234,2019-03-18T00:00:00Z,0.017819456443590600128927188429277181
235,2019-03-19T00:00:00Z,0.018105915527233522932138780135890800
236,2019-03-20T00:00:00Z,0.019102139842305588299767199110235449
237,2019-03-21T00:00:00Z,0.018411618953951853043377589703517946
238,2019-03-22T00:00:00Z,0.01914826847832256438454630363385377
239,2019-03-23T00:00:00Z,0.019462833567109539500235474963708835
240,2019-03-24T00:00:00Z,0.020131586132348632829439897699397248
241,2019-03-25T00:00:00Z,0.018841978891793432358765290104827167
242,2019-03-26T00:00:00Z,0.018584219425192785328304729579591025
243,2019-03-27T00:00:00Z,0.0189543366959485407341902518427242
244,2019-03-28T00:00:00Z,0.019235705792078900664456836305738728
245,2019-03-29T00:00:00Z,0.019027564773487967057188968599305020
246,2019-03-30T00:00:00Z,0.019452985276529619563678208782836996
247,2019-03-31T00:00:00Z,0.02030564257703202732472650501215099
248,2019-04-01T00:00:00Z,0.020481060449117975461546230144259875
249,2019-04-02T00:00:00Z,0.022140315243783243614249609953440459
250,2019-04-03T00:00:00Z,0.0219666604144307287530747062781538
251,2019-04-04T00:00:00Z,0.022654134524510915160626614468442
252,2019-04-05T00:00:00Z,0.02489341564062769416195872584750877
253,2019-04-06T00:00:00Z,0.025317261690072748253434998585645325
254,2019-04-07T00:00:00Z,0.024890461670061089005198935547326197
255,2019-04-08T00:00:00Z,0.024293070208256567795983157923682238
256,2019-04-09T00:00:00Z,0.022937866751619846959112017601223043
257,2019-04-10T00:00:00Z,0.0231123449629151881188639234121475
258,2019-04-11T00:00:00Z,0.02067238184454023234532727109000315
259,2019-04-12T00:00:00Z,0.021103369744947020271904063582705269
260,2019-04-13T00:00:00Z,0.020883713808586040431394223263450033
261,2019-04-14T00:00:00Z,0.021592497189262419145152018307862647
262,2019-04-15T00:00:00Z,0.02114874992750632741220025257408368
263,2019-04-16T00:00:00Z,0.021581921319055996127044836648796768
264,2019-04-17T00:00:00Z,0.021708066703184175373072215794920288
265,2019-04-18T00:00:00Z,0.022441324309992342893759882983296556
266,2019-04-19T00:00:00Z,0.022602154632616338051822234851165414
267,2019-04-20T00:00:00Z,0.022171291938993166632517777194065821
268,2019-04-21T00:00:00Z,0.021462672871804808882823858170612910
269,2019-04-22T00:00:00Z,0.021400478487943424930368248339226791
270,2019-04-23T00:00:00Z,0.020331860890956972277087562252049136
271,2019-04-24T00:00:00Z,0.019422451499628278851125255136737680
272,2019-04-25T00:00:00Z,0.017811106891359822375844759429148456
273,2019-04-26T00:00:00Z,0.017154936497032841273243258105687833
274,2019-04-27T00:00:00Z,0.017866382487810060264098725616789162
275,2019-04-28T00:00:00Z,0.017439163656466016176133511958755758
276,2019-04-29T00:00:00Z,0.016491212463804499251058775861708572
277,2019-04-30T00:00:00Z,0.017174824654741694158430520737719020
278,2019-05-01T00:00:00Z,0.017117227599333541600212012791383308
279,2019-05-02T00:00:00Z,0.017031704494174227405110656940239008
280,2019-05-03T00:00:00Z,0.0167518444924456172061038459954534
281,2019-05-04T00:00:00Z,0.015898858276296754483822262393646679
282,2019-05-05T00:00:00Z,0.015742590917699958772071601331406366
283,2019-05-06T00:00:00Z,0.016240444367111645948718725721698551
284,2019-05-07T00:00:00Z,0.015495849150643116469552131485316802
285,2019-05-08T00:00:00Z,0.015951961759311217950599032449184826
286,2019-05-09T00:00:00Z,0.015179459707903192459760963593320984
287,2019-05-10T00:00:00Z,0.015504635521881593242389191663857657
288,2019-05-11T00:00:00Z,0.016256398472132328297826378379126475
289,2019-05-12T00:00:00Z,0.01601465430285815158897456499930893
290,2019-05-13T00:00:00Z,0.016524947306172689203578791322036686
291,2019-05-14T00:00:00Z,0.01818144063836100586766427465219621
292,2019-05-15T00:00:00Z,0.02019013036264800090795408986026015
293,2019-05-16T00:00:00Z,0.01929446437276232146571570860179261
294,2019-05-17T00:00:00Z,0.0177870111804598280564527983705387
295,2019-05-18T00:00:00Z,0.017577503149390558506144708015135022
296,2019-05-19T00:00:00Z,0.017923487329412292852904948855292251
297,2019-05-20T00:00:00Z,0.017752338887683298009001321393937234
298,2019-05-21T00:00:00Z,0.02102854288076732462023542241711232
299,2019-05-22T00:00:00Z,0.0222091780426291825981026892416033
300,2019-05-23T00:00:00Z,0.021535030948509009318693946616201907
301,2019-05-24T00:00:00Z,0.0210944537398709753914182390762463
302,2019-05-25T00:00:00Z,0.021664713824323965929259068683345353
303,2019-05-26T00:00:00Z,0.0210447874663904606080388579868001
304,2019-05-27T00:00:00Z,0.0214922854244034096104313198545237
305,2019-05-28T00:00:00Z,0.023240535369765948315505710216190019
306,2019-05-29T00:00:00Z,0.0222289879070675992613639200299824
307,2019-05-30T00:00:00Z,0.0209501123929770737461053068724601
308,2019-05-31T00:00:00Z,0.0217917018300195667966837355155143
309,2019-06-01T00:00:00Z,0.021206307651053566494688184576778905
310,2019-06-02T00:00:00Z,0.022284113953115136924649328851900236
311,2019-06-03T00:00:00Z,0.02153968935916858973378509373733441
312,2019-06-04T00:00:00Z,0.0230768400768185382240707209459746
313,2019-06-05T00:00:00Z,0.0223429640542953986383000999617586
314,2019-06-06T00:00:00Z,0.023903760291946970371701824114464510
315,2019-06-07T00:00:00Z,0.02657508895898110126344820865463306
316,2019-06-08T00:00:00Z,0.025459196729281025976261018613515921
317,2019-06-09T00:00:00Z,0.02360576709046994096325390269984695
318,2019-06-10T00:00:00Z,0.024956461709664118882587290147293485
319,2019-06-11T00:00:00Z,0.025176435608455643658457115148004099
320,2019-06-12T00:00:00Z,0.024357966370739971727618114315216005
321,2019-06-13T00:00:00Z,0.023240343481029788845601430942329061
322,2019-06-14T00:00:00Z,0.023349869656975284229745934659601375
323,2019-06-15T00:00:00Z,0.02300818811327935320559228692425841
324,2019-06-16T00:00:00Z,0.024943309587354921940157506642525
325,2019-06-17T00:00:00Z,0.02536131198840571327104389247912450
326,2019-06-18T00:00:00Z,0.0233702969529553558933248924926837
327,2019-06-19T00:00:00Z,0.023005625363711104902868705362186863
328,2019-06-20T00:00:00Z,0.021765792752068900401095091812071681
329,2019-06-21T00:00:00Z,0.020374003179048500419120981955260641
330,2019-06-22T00:00:00Z,0.020559940742016490152808170701466661
331,2019-06-23T00:00:00Z,0.020529887771185420714794159016866338
332,2019-06-24T00:00:00Z,0.020534890968198802241885156923964144
333,2019-06-25T00:00:00Z,0.020802419576143140601546838274971727
334,2019-06-26T00:00:00Z,0.0197944175097231508583785200636832372
335,2019-06-27T00:00:00Z,0.017688323325449485542745721097098800448
336,2019-06-28T00:00:00Z,0.018066206854120626934469472293150683692
337,2019-06-29T00:00:00Z,0.0188446921921711444478548072429415250185
338,2019-06-30T00:00:00Z,0.01789724249373324416648302595118523279
339,2019-07-01T00:00:00Z,0.0184074407825639348130507746303006901
340,2019-07-02T00:00:00Z,0.017316317406255038333534610158308518
341,2019-07-03T00:00:00Z,0.016978388327146827073079662452803615
342,2019-07-04T00:00:00Z,0.01624192007615195788473675844697420354
343,2019-07-05T00:00:00Z,0.0162626960272552750747529763730788654390
344,2019-07-06T00:00:00Z,0.017273517230632950321023676381531091
345,2019-07-07T00:00:00Z,0.017528126729595910303016888952773066
346,2019-07-08T00:00:00Z,0.017018546541221731428156114105697946
347,2019-07-09T00:00:00Z,0.017036910113468476350765265979689318
348,2019-07-10T00:00:00Z,0.0160801415316106497869621705677791623595
349,2019-07-11T00:00:00Z,0.0144022485579410839661512669599583313989
350,2019-07-12T00:00:00Z,0.014908900758634859059152963957290112
351,2019-07-13T00:00:00Z,0.014604230824904809390934455021486247
352,2019-07-14T00:00:00Z,0.012932063276149958248356310600229185
353,2019-07-15T00:00:00Z,0.012674341003736972592684785180250362
354,2019-07-16T00:00:00Z,0.010700470806915184746118978048962191
355,2019-07-17T00:00:00Z,0.010689046642288933451569096612183060
356,2019-07-18T00:00:00Z,0.011189147072487792282842394499669137
357,2019-07-19T00:00:00Z,0.011435777724855274243754984012122291
358,2019-07-20T00:00:00Z,0.011734332053525597121451711006288868
359,2019-07-21T00:00:00Z,0.011566611310006637268289630984090090
360,2019-07-22T00:00:00Z,0.011987861038853862016903473657321126
361,2019-07-23T00:00:00Z,0.011056378018437132112596830860248507
362,2019-07-24T00:00:00Z,0.011027678692200089141905072157292544
363,2019-07-25T00:00:00Z,0.011127513971362232731909138415668117
364,2019-07-26T00:00:00Z,0.011069235523186770836198939406390731
365,2019-07-27T00:00:00Z,0.010303176339352954021951035860270831
366,2019-07-28T00:00:00Z,0.010306013812048132797305416388323244
367,2019-07-29T00:00:00Z,0.010216667731918212689770964363853791
368,2019-07-30T00:00:00Z,0.010744214390009319073754207679238200
369,2019-07-31T00:00:00Z,0.010917994797481942210120776791739374
370,2019-08-01T00:00:00Z,0.010282459863232307123477683942396567
371,2019-08-02T00:00:00Z,0.010292680346786138013692028130274089
372,2019-08-03T00:00:00Z,0.010110463327307385496526300938111314
373,2019-08-04T00:00:00Z,0.009964423908644163440632291270985550
374,2019-08-05T00:00:00Z,0.009805248826329080596270520283561835
375,2019-08-06T00:00:00Z,0.009126234092443409447700589041187812
376,2019-08-07T00:00:00Z,0.008929508964680054670066499611732812
377,2019-08-08T00:00:00Z,0.008331030919053715298888146595036616
378,2019-08-09T00:00:00Z,0.007913544333594512857459424442445727
379,2019-08-10T00:00:00Z,0.008408002813768965582996224290231967
380,2019-08-11T00:00:00Z,0.008810787536268761099857115940135872
381,2019-08-12T00:00:00Z,0.008813288852934508213398081028833236
382,2019-08-13T00:00:00Z,0.008786982698998805996471983926213890
383,2019-08-14T00:00:00Z,0.007694851142645418519392777243330937
384,2019-08-15T00:00:00Z,0.007530778841046912584646158316905187
385,2019-08-16T00:00:00Z,0.007335660746087205004821243019955109
386,2019-08-17T00:00:00Z,0.007761622486591390651084094743701399
387,2019-08-18T00:00:00Z,0.0078863825929679676438295692807382197
388,2019-08-19T00:00:00Z,0.0077450822779839029245929247368919576
389,2019-08-20T00:00:00Z,0.0074625125734875242445277054363827405
390,2019-08-21T00:00:00Z,0.007150969645711760779373175466018388
391,2019-08-22T00:00:00Z,0.0074865357477679300601696803519338447
392,2019-08-23T00:00:00Z,0.0075067535840819755856791932224776293
393,2019-08-24T00:00:00Z,0.0085688449149160317116089377334045571
394,2019-08-25T00:00:00Z,0.0078603285060090985374969553107342012
395,2019-08-26T00:00:00Z,0.0082396296521861009489195066093666314
396,2019-08-27T00:00:00Z,0.007880721466507265584334279382346189
397,2019-08-28T00:00:00Z,0.007212574500029211380716036409069810
398,2019-08-29T00:00:00Z,0.007020080203318195785038123448942361
399,2019-08-30T00:00:00Z,0.007035456291293225710108756116907407
400,2019-08-31T00:00:00Z,0.006980519812663639927650642466938619
401,2019-09-01T00:00:00Z,0.007046495008776690904152747704366840
402,2019-09-02T00:00:00Z,0.007081805425923243382371297314139975
403,2019-09-03T00:00:00Z,0.007077204728279256475212876043594322
404,2019-09-04T00:00:00Z,0.006989069192200556911110401744677128
405,2019-09-05T00:00:00Z,0.0067657489964793642757647785498812545
406,2019-09-06T00:00:00Z,0.006553096403786289022829977273929194
407,2019-09-07T00:00:00Z,0.006788299032622286243786097355966093
408,2019-09-08T00:00:00Z,0.006863101377176721459315998805147604
409,2019-09-09T00:00:00Z,0.007018922926228439046425730471193851
410,2019-09-10T00:00:00Z,0.006833096400579227944899116304598460
411,2019-09-11T00:00:00Z,0.006812368064965070984145818094012948
412,2019-09-12T00:00:00Z,0.006751399684697965298469987687462658
413,2019-09-13T00:00:00Z,0.006813777971418870628182326986017895
414,2019-09-14T00:00:00Z,0.0068787858036570158077765697601744784
415,2019-09-15T00:00:00Z,0.006923568604423434669389190205689756
416,2019-09-16T00:00:00Z,0.0069789147728131908563411176693935775
417,2019-09-17T00:00:00Z,0.0071486101157959323069111383144705985
418,2019-09-18T00:00:00Z,0.0075469525409515266700029526933731494
419,2019-09-19T00:00:00Z,0.0072528473512244224230929802946540909
420,2019-09-20T00:00:00Z,0.007059659810919900505056886901562422
421,2019-09-21T00:00:00Z,0.006945307662935778836150454470014706
422,2019-09-22T00:00:00Z,0.006629077981487151541454201874275663
423,2019-09-23T00:00:00Z,0.006370975119591737943990593746007732
424,2019-09-24T00:00:00Z,0.0049724279345872996524486174064204512
425,2019-09-25T00:00:00Z,0.0050486067976596086321766718482155961
426,2019-09-26T00:00:00Z,0.0048215541307659817497856220989606815
427,2019-09-27T00:00:00Z,0.0051811036013519921805751005446739526
428,2019-09-28T00:00:00Z,0.0052080592013387992343972370063880652
429,2019-09-29T00:00:00Z,0.0050642472236131803320111792983354023
430,2019-09-30T00:00:00Z,0.005120396016650444615581055094934391
431,2019-10-01T00:00:00Z,0.0051689878705289209260433421127130136
432,2019-10-02T00:00:00Z,0.0051134575882490283464139720964939406
433,2019-10-03T00:00:00Z,0.005269611953613238325436991797635949
434,2019-10-04T00:00:00Z,0.005320753136429488257016086124329106
435,2019-10-05T00:00:00Z,0.0054377381706355170636737252019894888
436,2019-10-06T00:00:00Z,0.0059968438908588052885231309375081049
437,2019-10-07T00:00:00Z,0.005725564021132701003347176080097278
438,2019-10-08T00:00:00Z,0.006271289444197086437518662704807530
439,2019-10-09T00:00:00Z,0.006098453007596922209341500398868035
440,2019-10-10T00:00:00Z,0.005825512004900790424031178716638069
441,2019-10-11T00:00:00Z,0.005970086012225207912883806009915149
442,2019-10-12T00:00:00Z,0.005898881913193755089134498027832137
443,2019-10-13T00:00:00Z,0.005708066963850013831925595519470156
444,2019-10-14T00:00:00Z,0.005763560878230631781077619703161043
445,2019-10-15T00:00:00Z,0.0055810002277873835977226300088120285
446,2019-10-16T00:00:00Z,0.005208898690685024644348948773801133
447,2019-10-17T00:00:00Z,0.0054001268382148876710174932783872380
448,2019-10-18T00:00:00Z,0.005391541529899873453180286767324985
449,2019-10-19T00:00:00Z,0.0052145403164946825222251269987365644
450,2019-10-20T00:00:00Z,0.0052611256710287848414993644999358629
451,2019-10-21T00:00:00Z,0.005336164231061419457267574916402448
452,2019-10-22T00:00:00Z,0.0053226771506865842368866260171901615
453,2019-10-23T00:00:00Z,0.004796023915277945961337478509072408
454,2019-10-24T00:00:00Z,0.004891509124305239195277599205128296
455,2019-10-25T00:00:00Z,0.005168753509669925790536572614852703
456,2019-10-26T00:00:00Z,0.005118418946468656868090091992713251
457,2019-10-27T00:00:00Z,0.005611542626147717815574198830834212
458,2019-10-28T00:00:00Z,0.005581075921061355250120159624267497
459,2019-10-29T00:00:00Z,0.0055857588226965412977420246855239854
460,2019-10-30T00:00:00Z,0.005616507190988887226443202517241837
461,2019-10-31T00:00:00Z,0.0056625244729669675199288269356103222
462,2019-11-01T00:00:00Z,0.0063017343923069194157392803199932432
463,2019-11-02T00:00:00Z,0.0060969035507874782227837475417058314
464,2019-11-03T00:00:00Z,0.006087791480733775747173918510901404
465,2019-11-04T00:00:00Z,0.0060772337286466226263256954276806655
466,2019-11-05T00:00:00Z,0.006209434061461394394829396485679600
467,2019-11-06T00:00:00Z,0.006373352098366660600578871956169397
468,2019-11-07T00:00:00Z,0.0065483859513328280546274064629730133
469,2019-11-08T00:00:00Z,0.006053094023266432753731801199496023
470,2019-11-09T00:00:00Z,0.0060701689453034163948759875945230067
471,2019-11-10T00:00:00Z,0.0060292057920823277642858965095630369
472,2019-11-11T00:00:00Z,0.0057962063118079496729616212822455640
473,2019-11-12T00:00:00Z,0.0058599058394547137958283339904210089
474,2019-11-13T00:00:00Z,0.0058689377942973796561514044999824015
475,2019-11-14T00:00:00Z,0.006083831990954936777571263704606429
476,2019-11-15T00:00:00Z,0.006693226504081580940105054343028477
477,2019-11-16T00:00:00Z,0.006686552647911573351224631398807051
478,2019-11-17T00:00:00Z,0.006625940755160178763104321129120991
479,2019-11-18T00:00:00Z,0.0061371186644526594809668285408760108
480,2019-11-19T00:00:00Z,0.005939770262362013823700230589196528
481,2019-11-20T00:00:00Z,0.0057973986621333666162900873200603293
482,2019-11-21T00:00:00Z,0.0053597536553937959370379874879642855
483,2019-11-22T00:00:00Z,0.004827555408631333200974604467594151
484,2019-11-23T00:00:00Z,0.004946117171449496383481374813690996
485,2019-11-24T00:00:00Z,0.004599525355402002891265052490413389
486,2019-11-25T00:00:00Z,0.004763412339517227933644178501440715
487,2019-11-26T00:00:00Z,0.005098296776592247764473949625308924
488,2019-11-27T00:00:00Z,0.005825331901476493079234515211630503
489,2019-11-28T00:00:00Z,0.006398436650715260922635224801856024
490,2019-11-29T00:00:00Z,0.0059968917555813669595300125491460211
491,2019-11-30T00:00:00Z,0.005575080979780764566584456166349403
492,2019-12-01T00:00:00Z,0.005995975273860299821631500924389777
493,2019-12-02T00:00:00Z,0.005769354811848698080327794512780756
494,2019-12-03T00:00:00Z,0.00592311272727858351275094504197
495,2019-12-04T00:00:00Z,0.005858140021199113501985198052610690
496,2019-12-05T00:00:00Z,0.005612230912171717944568255559859251
497,2019-12-06T00:00:00Z,0.005920734927260166116657873414335914
498,2019-12-07T00:00:00Z,0.00603806362295026087339487266690
499,2019-12-08T00:00:00Z,0.006274796981087151682094294204243099
500,2019-12-09T00:00:00Z,0.0058655038505695103136743896857916672
501,2019-12-10T00:00:00Z,0.005315370851633266612478895665237736
502,2019-12-11T00:00:00Z,0.005504541810359309213996169293810574
503,2019-12-12T00:00:00Z,0.0051988873428762773956871713322719419
504,2019-12-13T00:00:00Z,0.005595417857472198361682274619443122
505,2019-12-14T00:00:00Z,0.0051818443055436520579645592163621460
506,2019-12-15T00:00:00Z,0.0052855765261396497789141444807625696
507,2019-12-16T00:00:00Z,0.0048613581666452149340926931162491518
508,2019-12-17T00:00:00Z,0.004811029972313851431498234470153827
509,2019-12-18T00:00:00Z,0.0051617853525240454513588521823137828
510,2019-12-19T00:00:00Z,0.004942521504498028410564038554013765
511,2019-12-20T00:00:00Z,0.005025820556244588594564126340409712
512,2019-12-21T00:00:00Z,0.004907507057894361854047827920266522
513,2019-12-22T00:00:00Z,0.004959410656894225044554515908262408
514,2019-12-23T00:00:00Z,0.004937325529944849238333313001763911
515,2019-12-24T00:00:00Z,0.0051042735217950028787700036103163033
516,2019-12-25T00:00:00Z,0.004854961081827059965179789287596116
517,2019-12-26T00:00:00Z,0.0047611804792790061059024831128773385
518,2019-12-27T00:00:00Z,0.005024924777334629535464372932741504
519,2019-12-28T00:00:00Z,0.004908881005480359984517229187893459
520,2019-12-29T00:00:00Z,0.004971980518496694106790326592203255
521,2019-12-30T00:00:00Z,0.004756932609463013408905471507951546
522,2019-12-31T00:00:00Z,0.004767516014014929645814667672594053
523,2020-01-01T00:00:00Z,0.004759691236073205318624950371082212
524,2020-01-02T00:00:00Z,0.004563907972346056545204398376768731
525,2020-01-03T00:00:00Z,0.004574940169367623685845512369860630
526,2020-01-04T00:00:00Z,0.004606054558081358483882443421559719
527,2020-01-05T00:00:00Z,0.004564162000585316833322484971183129
528,2020-01-06T00:00:00Z,0.004779749943202047979368701508766241
529,2020-01-07T00:00:00Z,0.004747476915906294781385718704087896
530,2020-01-08T00:00:00Z,0.0045360181510540247390769209936084628
531,2020-01-09T00:00:00Z,0.004598737908719537859871396609586370
532,2020-01-10T00:00:00Z,0.004531325232229594047664022661839240
533,2020-01-11T00:00:00Z,0.0046310395336209755659774398160435944
534,2020-01-12T00:00:00Z,0.004648579571242859166401441055439968
535,2020-01-13T00:00:00Z,0.004608881318816164892229201984224020
536,2020-01-14T00:00:00Z,0.004834537088351768744354236322636681
537,2020-01-15T00:00:00Z,0.004952907110742351781155358858506045
538,2020-01-16T00:00:00Z,0.0049885563675297088811924460674645655
539,2020-01-17T00:00:00Z,0.005227899368628544369114839955332025
540,2020-01-18T00:00:00Z,0.005169891508762060337728216663598302
541,2020-01-19T00:00:00Z,0.004944271352624899194731867597200499
542,2020-01-20T00:00:00Z,0.0049674561628118868409149398994539022
543,2020-01-21T00:00:00Z,0.0053430405876435571674664160130627929
544,2020-01-22T00:00:00Z,0.0057789225589118594872865003967664465
545,2020-01-23T00:00:00Z,0.005665857268003705793368784481943486
546,2020-01-24T00:00:00Z,0.005725095492814216830348109599984273
547,2020-01-25T00:00:00Z,0.0055804654717521794630978675354133850
548,2020-01-26T00:00:00Z,0.0055965033236876036189691968155189209
549,2020-01-27T00:00:00Z,0.005544224335769669118155758854790072
550,2020-01-28T00:00:00Z,0.005954989265262027758244892441068716
551,2020-01-29T00:00:00Z,0.0057511694089795869180916679653447546
552,2020-01-30T00:00:00Z,0.0056873036996537715046210873625860334
553,2020-01-31T00:00:00Z,0.0058968890370650603363232886553247298
554,2020-02-01T00:00:00Z,0.005995251304201835809009264337973672
555,2020-02-02T00:00:00Z,0.006165914323695356143709226007767017
556,2020-02-03T00:00:00Z,0.006307533360605811830219142870278426
557,2020-02-04T00:00:00Z,0.0067377430835523506022232012357336535
558,2020-02-05T00:00:00Z,0.006902829982914696958969231363299697
559,2020-02-06T00:00:00Z,0.0072472081489164852153620683034538130
560,2020-02-07T00:00:00Z,0.0082618789285182054706731329914323515
561,2020-02-08T00:00:00Z,0.007958535050446482350149712262111593
562,2020-02-09T00:00:00Z,0.0077173087425436949622614345924382981
563,2020-02-10T00:00:00Z,0.00747268575312965589781788861729
564,2020-02-11T00:00:00Z,0.007832318734460894162076094713373206
565,2020-02-12T00:00:00Z,0.00880056952240528457462588907395323
566,2020-02-13T00:00:00Z,0.00941751247642478338590687468396862
567,2020-02-14T00:00:00Z,0.0100424569822091950825769202491587538
568,2020-02-15T00:00:00Z,0.00962695882722803402096022652851304
569,2020-02-16T00:00:00Z,0.0088653467549159343560519227319454601
570,2020-02-17T00:00:00Z,0.0086114557982471068120592117390518
571,2020-02-18T00:00:00Z,0.008857343451614330554231683524054
572,2020-02-19T00:00:00Z,0.007970170218936121813763902476502445
573,2020-02-20T00:00:00Z,0.0075121062242837910718639416458080833
574,2020-02-21T00:00:00Z,0.0073847714322409386794195946501425138
575,2020-02-22T00:00:00Z,0.0074022255032369044405757554309985735
576,2020-02-23T00:00:00Z,0.00770107808041173546686342336423694
577,2020-02-24T00:00:00Z,0.0072112001118666916184802681648321861
578,2020-02-25T00:00:00Z,0.0064947780537760204102136161126436
579,2020-02-26T00:00:00Z,0.0056447078235803535570766229460931550
580,2020-02-27T00:00:00Z,0.005947200820256382056773291695534490
581,2020-02-28T00:00:00Z,0.006065224408787271855076223973189214
582,2020-02-29T00:00:00Z,0.0061567190799767856890651211668027110
583,2020-03-01T00:00:00Z,0.006486450191393645206325335692614789
584,2020-03-02T00:00:00Z,0.00660540537783066066334775871048
585,2020-03-03T00:00:00Z,0.006406603708476072600238337595799602
586,2020-03-04T00:00:00Z,0.0061544040970728108021447181540494343
587,2020-03-05T00:00:00Z,0.006312432176434562540967824967613421
588,2020-03-06T00:00:00Z,0.006928540726446067191664619817113064
589,2020-03-07T00:00:00Z,0.006844935854126101262783491179076546
590,2020-03-08T00:00:00Z,0.005823905637338333321374712044734009
591,2020-03-09T00:00:00Z,0.0060762171097298607961263342543450573
592,2020-03-10T00:00:00Z,0.0059665374117319558363128918451278073
593,2020-03-11T00:00:00Z,0.0057325420901845014074733548999901346
594,2020-03-12T00:00:00Z,0.0034938439697558052891432378954360640
595,2020-03-13T00:00:00Z,0.0036510482107547851629875233569128279
596,2020-03-14T00:00:00Z,0.003751730603860546833055797277559749
597,2020-03-15T00:00:00Z,0.003862043108023970159318039743801255
598,2020-03-16T00:00:00Z,0.0035252835678586420841161031323473
599,2020-03-17T00:00:00Z,0.0036407171858751771054879823849479809
600,2020-03-18T00:00:00Z,0.0035463860123587642645803753643434698
601,2020-03-19T00:00:00Z,0.0040322339420799676579984568570878542
602,2020-03-20T00:00:00Z,0.0038932351599909330100379225786428611
603,2020-03-21T00:00:00Z,0.003899214918384646820415581994229839
604,2020-03-22T00:00:00Z,0.0036407355867753245717750612834372083
605,2020-03-23T00:00:00Z,0.0038210035355698914401569336539811243
606,2020-03-24T00:00:00Z,0.003863097300658681747965694551889285
607,2020-03-25T00:00:00Z,0.0039034896757060497521425127471469868
608,2020-03-26T00:00:00Z,0.003935156502458534297379542452572948
609,2020-03-27T00:00:00Z,0.003743611529604819705948883381674995
610,2020-03-28T00:00:00Z,0.003780256312003560465564305891275373
611,2020-03-29T00:00:00Z,0.003578180366512568729554633041024630
612,2020-03-30T00:00:00Z,0.003837294319940808306099202713960029
613,2020-03-31T00:00:00Z,0.003802932143916783506681894182519744
614,2020-04-01T00:00:00Z,0.0038554770268882591770976690560952444
615,2020-04-02T00:00:00Z,0.003851038873786418458106255535862061
616,2020-04-03T00:00:00Z,0.003906114980905852025259764679934448
617,2020-04-04T00:00:00Z,0.003966432676894755075307297031187167
618,2020-04-05T00:00:00Z,0.00426064749249933912312924586368
619,2020-04-06T00:00:00Z,0.0045707540386317323859738650770377096
620,2020-04-07T00:00:00Z,0.00444239946838228151365326892911
621,2020-04-08T00:00:00Z,0.004577098595140856171228750201896930
622,2020-04-09T00:00:00Z,0.004634208322635124178616691048521344
623,2020-04-10T00:00:00Z,0.004223095779438465410785290707930107
624,2020-04-11T00:00:00Z,0.004305745948858823728615570579911400
625,2020-04-12T00:00:00Z,0.004294372816814303442967836960738630
626,2020-04-13T00:00:00Z,0.004166725703969513605658354066961045
627,2020-04-14T00:00:00Z,0.004151905876637209155477278851352411
628,2020-04-15T00:00:00Z,0.0040475230733875697032822541727629084
629,2020-04-16T00:00:00Z,0.00424049234392456684839255538007
630,2020-04-17T00:00:00Z,0.004162313003184642506188869740270497
631,2020-04-18T00:00:00Z,0.004339370710239130527618048868307146
632,2020-04-19T00:00:00Z,0.004262401039275617964771487865878197
633,2020-04-20T00:00:00Z,0.0040619196001028725731134564069433810
634,2020-04-21T00:00:00Z,0.004144446782590124077069247841479772
635,2020-04-22T00:00:00Z,0.0041400332625651629805947681974330364
636,2020-04-23T00:00:00Z,0.0042874263518156927116047105637768812
637,2020-04-24T00:00:00Z,0.004600482942696687018167279446123923
638,2020-04-25T00:00:00Z,0.004744405054867182972490717636539918
639,2020-04-26T00:00:00Z,0.0050432697767118213065482431436330452
640,2020-04-27T00:00:00Z,0.004988617027109223110928913415407946
641,2020-04-28T00:00:00Z,0.004963141719548523676601047086040892
642,2020-04-29T00:00:00Z,0.0052366309422402590254197124237778674
643,2020-04-30T00:00:00Z,0.0055220568355932749839260585487906972
644,2020-05-01T00:00:00Z,0.005990979338930302756880391962101597
645,2020-05-02T00:00:00Z,0.0061823094297003488368922506638013976
646,2020-05-03T00:00:00Z,0.0060298346467085950884692107838605307
647,2020-05-04T00:00:00Z,0.006926334779067115673812143328440236
648,2020-05-05T00:00:00Z,0.007826737363805907571689141032937702
649,2020-05-06T00:00:00Z,0.007159705043694146203726214914210038
650,2020-05-07T00:00:00Z,0.0070575096830990928479364427401114
651,2020-05-08T00:00:00Z,0.0070609066957767104427371481615364484
652,2020-05-09T00:00:00Z,0.0071664750046583795651382236944722169
653,2020-05-10T00:00:00Z,0.006828770983738540217071505602270862
654,2020-05-11T00:00:00Z,0.007028798280164613476389544313851768
655,2020-05-12T00:00:00Z,0.007551566527001890398632117501868348
656,2020-05-13T00:00:00Z,0.009454926547299188959407554485122387
657,2020-05-14T00:00:00Z,0.010443787587397090512012076449637209
658,2020-05-15T00:00:00Z,0.010224109337460464055148804708563228
659,2020-05-16T00:00:00Z,0.010836156737720871561758181145084322
660,2020-05-17T00:00:00Z,0.0105072017026589528336886416338338496
661,2020-05-18T00:00:00Z,0.0098450358464097717004816906647481541
662,2020-05-19T00:00:00Z,0.0096709827032692689605128666926976274
663,2020-05-20T00:00:00Z,0.009607518112209696400610113617704567
664,2020-05-21T00:00:00Z,0.0097861760339293436553518086421569515
665,2020-05-22T00:00:00Z,0.0100650436108915789833289219581527939
666,2020-05-23T00:00:00Z,0.00970543377584108523525980087665
667,2020-05-24T00:00:00Z,0.009864722640884610992801657432654057
668,2020-05-25T00:00:00Z,0.012303949328788731533449113468235515
669,2020-05-26T00:00:00Z,0.0121796337245071274069081736944143
670,2020-05-27T00:00:00Z,0.012150323437377389569583921897816524
671,2020-05-28T00:00:00Z,0.012244075436903590331942722163890857
672,2020-05-29T00:00:00Z,0.012288422225015325737928462981089329
673,2020-05-30T00:00:00Z,0.013292392131552428701792942492795695
674,2020-05-31T00:00:00Z,0.014549132680965814761844389886133153
675,2020-06-01T00:00:00Z,0.015930618746362335440272046974863254
676,2020-06-02T00:00:00Z,0.018028295336597113946635560137359642
677,2020-06-03T00:00:00Z,0.017823742653939647687355845622695040
678,2020-06-04T00:00:00Z,0.016320814041647467925926675434511526
679,2020-06-05T00:00:00Z,0.017905743658488571068227816604664265
680,2020-06-06T00:00:00Z,0.021358225753767035430480197979072993
681,2020-06-07T00:00:00Z,0.022328895441915206016231400302208997
682,2020-06-08T00:00:00Z,0.02131085689387966562042466424838
683,2020-06-09T00:00:00Z,0.024529573176960670963917113898983102
684,2020-06-10T00:00:00Z,0.027406775147824191000783120672674893
685,2020-06-11T00:00:00Z,0.025155598856618814114684629089317673
686,2020-06-12T00:00:00Z,0.025943806887040943028546608831510058
687,2020-06-13T00:00:00Z,0.02260202539337882332483690101557225
688,2020-06-14T00:00:00Z,0.022741640793394000258217264112702155
689,2020-06-15T00:00:00Z,0.025091515886184986252232972913516500
690,2020-06-16T00:00:00Z,0.02510308716956759618291764729285376
691,2020-06-17T00:00:00Z,0.023378631958791043345152168327015741
692,2020-06-18T00:00:00Z,0.02080340341015321196035631328556284
693,2020-06-19T00:00:00Z,0.018797943511403613608960583790278571
694,2020-06-20T00:00:00Z,0.019208229362740641982309553486838235
695,2020-06-21T00:00:00Z,0.019758695682446292223186692425403
696,2020-06-22T00:00:00Z,0.019906469146349737587976711016818280
697,2020-06-23T00:00:00Z,0.019260957688442781796954590329604527
698,2020-06-24T00:00:00Z,0.019512991326341097708770133997832651
699,2020-06-25T00:00:00Z,0.0188653661155923833881707476672816
700,2020-06-26T00:00:00Z,0.017871897340784510373529024289782
701,2020-06-27T00:00:00Z,0.015918924359121898761954281626710507
702,2020-06-28T00:00:00Z,0.017917726006043313824486571858397812
703,2020-06-29T00:00:00Z,0.018007392731624305522971719420974825
704,2020-06-30T00:00:00Z,0.017332108368325393984328622318952175
705,2020-07-01T00:00:00Z,0.017406789588356888645959556098574832
706,2020-07-02T00:00:00Z,0.017363407442941995509864871958173068
707,2020-07-03T00:00:00Z,0.017043338825619633425128668918815109
708,2020-07-04T00:00:00Z,0.019081133372333397114986509420019605
709,2020-07-05T00:00:00Z,0.01852254616011702666197192251655093
710,2020-07-06T00:00:00Z,0.018986712818849016711758269319029
711,2020-07-07T00:00:00Z,0.02023549403184837981222668649382
712,2020-07-08T00:00:00Z,0.020740530772429765308783095395771438
713,2020-07-09T00:00:00Z,0.0197469311736728897793972016285018
714,2020-07-10T00:00:00Z,0.019692923191276438929104496209592760
715,2020-07-11T00:00:00Z,0.019826502911808197076686983661191306
716,2020-07-12T00:00:00Z,0.019392694343129712558226780864254839
717,2020-07-13T00:00:00Z,0.019929746434591295726387803050569746
718,2020-07-14T00:00:00Z,0.01973841731797137015867065379030299
719,2020-07-15T00:00:00Z,0.019127504009495778286492436330471792
720,2020-07-16T00:00:00Z,0.017988520459660830840882607264616218
721,2020-07-17T00:00:00Z,0.018074811163129528938975412455000436
722,2020-07-18T00:00:00Z,0.017877164763598623763969661616138763
723,2020-07-19T00:00:00Z,0.017714271015085829006693469334806987
724,2020-07-20T00:00:00Z,0.017181678406872348016080497350393713
725,2020-07-21T00:00:00Z,0.017807759399836140433232119218947050
726,2020-07-22T00:00:00Z,0.018831087816141536748180392176011791
727,2020-07-23T00:00:00Z,0.019434811412441514035562601851949582
728,2020-07-24T00:00:00Z,0.018355539120888195666972911651787647
729,2020-07-25T00:00:00Z,0.01841131150975003541106626803535
730,2020-07-26T00:00:00Z,0.0177917029481410521426934543874101
731,2020-07-27T00:00:00Z,0.016885744611200812205765800554647464
732,2020-07-28T00:00:00Z,0.017809759266889102852710449977400454
733,2020-07-29T00:00:00Z,0.017520141328395182399071986622255998
734,2020-07-30T00:00:00Z,0.018092919376270853403876118956201884
735,2020-07-31T00:00:00Z,0.017991323065044763950287967780198965
736,2020-08-01T00:00:00Z,0.0185912417293549533272652360232082
737,2020-08-02T00:00:00Z,0.017692156232477359979092196874103075
738,2020-08-03T00:00:00Z,0.017497331819121892335067424810768454
739,2020-08-04T00:00:00Z,0.018421009924625621578531650375466367
740,2020-08-05T00:00:00Z,0.019533304725576181154312790531074984
741,2020-08-06T00:00:00Z,0.02008548708051550118316600631360
742,2020-08-07T00:00:00Z,0.021851364596851834819203559420809555
743,2020-08-08T00:00:00Z,0.026137042051813952530711838140046661
744,2020-08-09T00:00:00Z,0.025073372612169653105828804632855621
745,2020-08-10T00:00:00Z,0.024900892738897746569316512453487253
746,2020-08-11T00:00:00Z,0.026208323923333774285881004267544639
747,2020-08-12T00:00:00Z,0.025579897743743988617148034447723784
748,2020-08-13T00:00:00Z,0.025350400225242452140832114768883383
749,2020-08-14T00:00:00Z,0.024932497910652787190548151034615367
750,2020-08-15T00:00:00Z,0.0246403597014654487743873498140360
751,2020-08-16T00:00:00Z,0.026176550339477801916513862160065813
752,2020-08-17T00:00:00Z,0.024865438949136827126393057003621464
753,2020-08-18T00:00:00Z,0.023118827732934194120941135020031
754,2020-08-19T00:00:00Z,0.021845259285682081600135014851085112
755,2020-08-20T00:00:00Z,0.022737466825250536033661677033486180
756,2020-08-21T00:00:00Z,0.0212705490369763065796868170774875
757,2020-08-22T00:00:00Z,0.021837784271424898455570261803554057
758,2020-08-23T00:00:00Z,0.021395842814116442411058916200162771
759,2020-08-24T00:00:00Z,0.023656468894099962448573041713909847
760,2020-08-25T00:00:00Z,0.021394306752368475111193409304654973
761,2020-08-26T00:00:00Z,0.022305010451648848543863912641846578
762,2020-08-27T00:00:00Z,0.020284216762366434479554251212887184
763,2020-08-28T00:00:00Z,0.020829327926364001374028817173077800
764,2020-08-29T00:00:00Z,0.020855632634863927188983427555287686
765,2020-08-30T00:00:00Z,0.023086722967958986094633967051653745
766,2020-08-31T00:00:00Z,0.02251213610830515534481505005760569
767,2020-09-01T00:00:00Z,0.021678318425483449666483451583221823
768,2020-09-02T00:00:00Z,0.020468758939661261122252883362582808
769,2020-09-03T00:00:00Z,0.0160721640625436542364045775829402
770,2020-09-04T00:00:00Z,0.016808207030789178096800612354017807
771,2020-09-05T00:00:00Z,0.0151361048660563947221390472262803
772,2020-09-06T00:00:00Z,0.015467445211036250869679370338612051
773,2020-09-07T00:00:00Z,0.015365468735172403064240733367555813
774,2020-09-08T00:00:00Z,0.015692744622028852070999640262552932
775,2020-09-09T00:00:00Z,0.016539923053033350458483134923290445
776,2020-09-10T00:00:00Z,0.017345188585216955260388473858062703
777,2020-09-11T00:00:00Z,0.017151655125892074877102551921899393
778,2020-09-12T00:00:00Z,0.017820194242916666848273713983413979
779,2020-09-13T00:00:00Z,0.016750131485689640876542488277785277
780,2020-09-14T00:00:00Z,0.016773362603753310216175560975751518
781,2020-09-15T00:00:00Z,0.015758812141924444957992135245648866
782,2020-09-16T00:00:00Z,0.016923460800722938234116875142474580
783,2020-09-17T00:00:00Z,0.016612674836414475484009839317753370
784,2020-09-18T00:00:00Z,0.017036280611347644949878606701874022
785,2020-09-19T00:00:00Z,0.016898972011326260627040975186286789
786,2020-09-20T00:00:00Z,0.015786643469089691700588584769192971
787,2020-09-21T00:00:00Z,0.013875768662448171548265191815753926
788,2020-09-22T00:00:00Z,0.014186795053208151282508530471571733
789,2020-09-23T00:00:00Z,0.013960265994394730599000282488811004
790,2020-09-24T00:00:00Z,0.014514174802875346987556266057015891
791,2020-09-25T00:00:00Z,0.015843348405771199774123608981650342
792,2020-09-26T00:00:00Z,0.016351265125800801504273903624123189
793,2020-09-27T00:00:00Z,0.015361923041708879892324199584020957
794,2020-09-28T00:00:00Z,0.015056375170015809165295144555903319
795,2020-09-29T00:00:00Z,0.017376648312551732374684382775576525
796,2020-09-30T00:00:00Z,0.019585856047550988832067795329515334
797,2020-10-01T00:00:00Z,0.019546799955237034080607320088298370
798,2020-10-02T00:00:00Z,0.018189715468502670134140161896379041
799,2020-10-03T00:00:00Z,0.018696148820149245821389398410015855
800,2020-10-04T00:00:00Z,0.021331068233413077591171046649610347
801,2020-10-05T00:00:00Z,0.020643866872292544817653152525572852
802,2020-10-06T00:00:00Z,0.018306296112175165864070171079953139
803,2020-10-07T00:00:00Z,0.018939505416356272040638745690463627
804,2020-10-08T00:00:00Z,0.019015381112178257904212085210587001
805,2020-10-09T00:00:00Z,0.020093215839242347414713563721488711
806,2020-10-10T00:00:00Z,0.020191901519563366969538005835026996
807,2020-10-11T00:00:00Z,0.020908580716723999236479530446533127
808,2020-10-12T00:00:00Z,0.020473934494749977770630313957078936
809,2020-10-13T00:00:00Z,0.020053631957961754864600521573305960
810,2020-10-14T00:00:00Z,0.019124190104061878613599635618212148
811,2020-10-15T00:00:00Z,0.018681709276718796708623380397550446
812,2020-10-16T00:00:00Z,0.018142942686212857483741523024918991
813,2020-10-17T00:00:00Z,0.018199646248273472533110865041492423
814,2020-10-18T00:00:00Z,0.018558810756816726225795778159375416
815,2020-10-19T00:00:00Z,0.019787639232715207965838007324221854
816,2020-10-20T00:00:00Z,0.018300469978237084746446393784577261
817,2020-10-21T00:00:00Z,0.018508531134235346602297662498818686
818,2020-10-22T00:00:00Z,0.019423713095821969796948782942629179
819,2020-10-23T00:00:00Z,0.019541804412980603670705337471405811
820,2020-10-24T00:00:00Z,0.019496699201035664612426725336156713
821,2020-10-25T00:00:00Z,0.019072579264211523674212119566512234
822,2020-10-26T00:00:00Z,0.018418511742563014602421900536274354
823,2020-10-27T00:00:00Z,0.018466999618031868233434185598805195
824,2020-10-28T00:00:00Z,0.017843435555365855414572537341025719
825,2020-10-29T00:00:00Z,0.017576901734802170725839840724230115
826,2020-10-30T00:00:00Z,0.017615416118617002388502267273595718
827,2020-10-31T00:00:00Z,0.017770358762356242944323828873853962
828,2020-11-01T00:00:00Z,0.017933245731872608968533683196867791
829,2020-11-02T00:00:00Z,0.017324465468923085225328187022595976
830,2020-11-03T00:00:00Z,0.017431547099389916053822232605812771
831,2020-11-04T00:00:00Z,0.017475345362066594004894753724176509
832,2020-11-05T00:00:00Z,0.018731339561526156581508619234769800
833,2020-11-06T00:00:00Z,0.020432286690273853916291083121707610
834,2020-11-07T00:00:00Z,0.018610858093277821853485309018240831
835,2020-11-08T00:00:00Z,0.019329878936347253414124488085627595
836,2020-11-09T00:00:00Z,0.019329171424915334506032185182079237
837,2020-11-10T00:00:00Z,0.020109304563493609665948326586093450
838,2020-11-11T00:00:00Z,0.020254439233224266052379315888180637
839,2020-11-12T00:00:00Z,0.019100975903782101119015307786128167
840,2020-11-13T00:00:00Z,0.020229974264503986821335079383626471
841,2020-11-14T00:00:00Z,0.020193255048641300676350105129789250
842,2020-11-15T00:00:00Z,0.019891352636243462724387809583600929
843,2020-11-16T00:00:00Z,0.021674899488124882384048355907960192
844,2020-11-17T00:00:00Z,0.022632140431432608134913690133199132
845,2020-11-18T00:00:00Z,0.021782752704858006565858922460539440
846,2020-11-19T00:00:00Z,0.021163316536628867077851998299023499
847,2020-11-20T00:00:00Z,0.022336464374784321423653192372821258
848,2020-11-21T00:00:00Z,0.023164160249468696037982445636088438
849,2020-11-22T00:00:00Z,0.022422650127773573848356293453414043
850,2020-11-23T00:00:00Z,0.024170221252021157677653089591876625
851,2020-11-24T00:00:00Z,0.025004069873995477585734166705290169
852,2020-11-25T00:00:00Z,0.028849623181794754473872466002565890
853,2020-11-26T00:00:00Z,0.026061052394554591214182500440139135
854,2020-11-27T00:00:00Z,0.024705299082168249622554875453613591
855,2020-11-28T00:00:00Z,0.026509156221815453142499626676392057
856,2020-11-29T00:00:00Z,0.029155368618504219973211180094270783
857,2020-11-30T00:00:00Z,0.028898020233748709295241248550055729
858,2020-12-01T00:00:00Z,0.028091863736749809886478764061866995
859,2020-12-02T00:00:00Z,0.030981596841108714126433115508172010
860,2020-12-03T00:00:00Z,0.033328745210066279272337227392340523
861,2020-12-04T00:00:00Z,0.029747501140349482831572894962587370
862,2020-12-05T00:00:00Z,0.034151318274895436796915529198883489
863,2020-12-06T00:00:00Z,0.035459318040722023929919447582470092
864,2020-12-07T00:00:00Z,0.035674903939766195573150787623204321
865,2020-12-08T00:00:00Z,0.031320063124377231755923288160599245
866,2020-12-09T00:00:00Z,0.031192740670405844669393566735030568
867,2020-12-10T00:00:00Z,0.032789714326482258738948523813149294
868,2020-12-11T00:00:00Z,0.029613264214798070640244543154479405
869,2020-12-12T00:00:00Z,0.032799350740255189140571001757782759
870,2020-12-13T00:00:00Z,0.032561909425028518091912802689067646
871,2020-12-14T00:00:00Z,0.032872113149665973086261054232505714
872,2020-12-15T00:00:00Z,0.034847046030010056927954883879407414
873,2020-12-16T00:00:00Z,0.038723082404692012145135827079588905
874,2020-12-17T00:00:00Z,0.037657965938248429604693868109979737
875,2020-12-18T00:00:00Z,0.043621025883155681967935206449831554
876,2020-12-19T00:00:00Z,0.049243809769837332749524201988580643
877,2020-12-20T00:00:00Z,0.045820626550895727600362579126362366
878,2020-12-21T00:00:00Z,0.049971628429084728039875789677216833
879,2020-12-22T00:00:00Z,0.051969742649338664048342389165135812
880,2020-12-23T00:00:00Z,0.063418356583712869802137657797231233
881,2020-12-24T00:00:00Z,0.059921053371208800518188499005926940
882,2020-12-25T00:00:00Z,0.063149435105324332969197359094721960
883,2020-12-26T00:00:00Z,0.086609524685268278950455444275786097
884,2020-12-27T00:00:00Z,0.077653976420619938739314804774942902
885,2020-12-28T00:00:00Z,0.090498735068687130248152560012021883
886,2020-12-29T00:00:00Z,0.085706202119666763623763242997381944
887,2020-12-30T00:00:00Z,0.078033763567646180938868421451576454
888,2020-12-31T00:00:00Z,0.083914807583127861699855488140455000
889,2021-01-01T00:00:00Z,0.080135189729027137462252083633505568
890,2021-01-02T00:00:00Z,0.074056508828294968937984989580577106
891,2021-01-03T00:00:00Z,0.069886134620479267562560375210044689
892,2021-01-04T00:00:00Z,0.072441550598480197548309080298867563
893,2021-01-05T00:00:00Z,0.071886142237913848931014010936422444
894,2021-01-06T00:00:00Z,0.079223392905672570582420159949217558
895,2021-01-07T00:00:00Z,0.077744252660070349405288074463358442
896,2021-01-08T00:00:00Z,0.076630335152930840863785297375097492
897,2021-01-09T00:00:00Z,0.078178128943888875525965304662558117
898,2021-01-10T00:00:00Z,0.075597997436144186081927766930531923
899,2021-01-11T00:00:00Z,0.066694497364118879104210205476913212
900,2021-01-12T00:00:00Z,0.063390959242168930215969382996636905
901,2021-01-13T00:00:00Z,0.070934238783928567258858726474991229
902,2021-01-14T00:00:00Z,0.069077501129330512802939973072757569
903,2021-01-15T00:00:00Z,0.067121524967978923199769009943758023
904,2021-01-16T00:00:00Z,0.073773818537574571875494652046397256
905,2021-01-17T00:00:00Z,0.073684982775509180075644233074475858
906,2021-01-18T00:00:00Z,0.077883040051145286331877586336201370
907,2021-01-19T00:00:00Z,0.073850276107006320479273000660213057
908,2021-01-20T00:00:00Z,0.074309919280566859097293384752074451
909,2021-01-21T00:00:00Z,0.062989009723130566910473516899016886
910,2021-01-22T00:00:00Z,0.06780743023323097551546665352557860
911,2021-01-23T00:00:00Z,0.067912176055909491220422457057348085
912,2021-01-24T00:00:00Z,0.068963978963135285580041903734556643
913,2021-01-25T00:00:00Z,0.067192387310815422311773047310716505
914,2021-01-26T00:00:00Z,0.067949123657744144777662575330733751
915,2021-01-27T00:00:00Z,0.063517654718481567636109733717925491
916,2021-01-28T00:00:00Z,0.065109126882004278208094657824884263
917,2021-01-29T00:00:00Z,0.066769965831589575469741951843489097
918,2021-01-30T00:00:00Z,0.071063165106915543771115052794781563
919,2021-01-31T00:00:00Z,0.068155976517299645502674300611547145
920,2021-02-01T00:00:00Z,0.073632247137907342150576056232280430
921,2021-02-02T00:00:00Z,0.075633219364694744360024426014853917
922,2021-02-03T00:00:00Z,0.076784185142947297789757003143312708
923,2021-02-04T00:00:00Z,0.074834923257983015054384808712702579
924,2021-02-05T00:00:00Z,0.079732759074169964915767156794086227
925,2021-02-06T00:00:00Z,0.07628443700136416807439936455429317
926,2021-02-07T00:00:00Z,0.074901688398291639254426536782571239
927,2021-02-08T00:00:00Z,0.076898653744410070456401744915623882
928,2021-02-09T00:00:00Z,0.098640991099286291346844484578452379
929,2021-02-10T00:00:00Z,0.102561652221760097020963458204741002
930,2021-02-11T00:00:00Z,0.113336229930100624626328571726190587
931,2021-02-12T00:00:00Z,0.1161485772975138077204082255569445186
932,2021-02-13T00:00:00Z,0.144280111429096694288935274846733845
933,2021-02-14T00:00:00Z,0.132615414911710814842472180176741874
934,2021-02-15T00:00:00Z,0.130874907994842130450606726808682950
935,2021-02-16T00:00:00Z,0.1328797129914910855483166293027530561
936,2021-02-17T00:00:00Z,0.1364459075378818257516316430006090558
937,2021-02-18T00:00:00Z,0.1411683230116432654620646916514103503
938,2021-02-19T00:00:00Z,0.152404012393926945147391497390521440
939,2021-02-20T00:00:00Z,0.139974025177422998288082654832746029
940,2021-02-21T00:00:00Z,0.141830363732446089867134720512655574
941,2021-02-22T00:00:00Z,0.126602585756616826316286915009115902
942,2021-02-23T00:00:00Z,0.106027705124755985142521895087724922
943,2021-02-24T00:00:00Z,0.114753612615901370024311613323732631
944,2021-02-25T00:00:00Z,0.1115301400525241036069511977155848920
945,2021-02-26T00:00:00Z,0.113577918142451662527080111545167490
946,2021-02-27T00:00:00Z,0.119010527313172520739332543275192510
947,2021-02-28T00:00:00Z,0.109408979194573558782597844922088797
948,2021-03-01T00:00:00Z,0.1162075302245831761174131675780306562
949,2021-03-02T00:00:00Z,0.1181970809417587683291128376819322147
950,2021-03-03T00:00:00Z,0.128043426469379547948839210666246055
951,2021-03-04T00:00:00Z,0.121676761333991784460409082283779372
952,2021-03-05T00:00:00Z,0.1183115112013523519170794591388952710
953,2021-03-06T00:00:00Z,0.1177227591149618582133326487941228150
954,2021-03-07T00:00:00Z,0.118541980127501992543838613899806493
955,2021-03-08T00:00:00Z,0.1262412121872575496817259638461585463
956,2021-03-09T00:00:00Z,0.135484476296602308995128689329533481
957,2021-03-10T00:00:00Z,0.128627798396722697642125899147238011
958,2021-03-11T00:00:00Z,0.177955559998880516801462828366021024
959,2021-03-12T00:00:00Z,0.166422937611280826034159698969235040
960,2021-03-13T00:00:00Z,0.185010903050244112151221571338914562
961,2021-03-14T00:00:00Z,0.167513357729234257780962082921598824
962,2021-03-15T00:00:00Z,0.163251917985225130300479126788274405
963,2021-03-16T00:00:00Z,0.157923239870524990736937157555803933
964,2021-03-17T00:00:00Z,0.204662748933302990464496212732499894
965,2021-03-18T00:00:00Z,0.184408123972757809725244710061748305
966,2021-03-19T00:00:00Z,0.189416322978837564033902486441737778
967,2021-03-20T00:00:00Z,0.1742478305456870536283183194482068445
968,2021-03-21T00:00:00Z,0.177798399673547514797614284392362726
969,2021-03-22T00:00:00Z,0.167088230216682964905992260869216952
970,2021-03-23T00:00:00Z,0.1751058388717425897301872656618916074
971,2021-03-24T00:00:00Z,0.164417782025017311873579793955511348
972,2021-03-25T00:00:00Z,0.1615605512901808315961192038448961561
973,2021-03-26T00:00:00Z,0.1729161904682021499392278422893741621
974,2021-03-27T00:00:00Z,0.1721868678756148640557900228000371024
975,2021-03-28T00:00:00Z,0.1786102157785410639891265650122227660
976,2021-03-29T00:00:00Z,0.1848772845887361405526466701728914763
977,2021-03-30T00:00:00Z,0.1921486606897516060119242305575466584
978,2021-03-31T00:00:00Z,0.1865316127837350649911827582781021912
979,2021-04-01T00:00:00Z,0.1915494063114251288597460069739576686
980,2021-04-02T00:00:00Z,0.218737820590015287048538488067157039
981,2021-04-03T00:00:00Z,0.194767383503941850604588965358839729
982,2021-04-04T00:00:00Z,0.237751833194223309468359247328798452
983,2021-04-05T00:00:00Z,0.2352941408699443435930329615366669627
984,2021-04-06T00:00:00Z,0.2293319590298934620321522949356619344
985,2021-04-07T00:00:00Z,0.2105471733670856847552202189343793121
986,2021-04-08T00:00:00Z,0.2248238979620337297181893044924887023
987,2021-04-09T00:00:00Z,0.2425409971824550826690667519017391157
988,2021-04-10T00:00:00Z,0.2288589213822571283393287860712594174
989,2021-04-11T00:00:00Z,0.230592459952615031228957574838455012
990,2021-04-12T00:00:00Z,0.2112338797520169174059061953325522527
991,2021-04-13T00:00:00Z,0.2157254035908977628113212703711804380
992,2021-04-14T00:00:00Z,0.2108505051631255411706374291280929081
993,2021-04-15T00:00:00Z,0.2277810711176889798945478939768987309
994,2021-04-16T00:00:00Z,0.2378396565691031942121716519933586842
995,2021-04-17T00:00:00Z,0.239559147006185364285637862308229869
996,2021-04-18T00:00:00Z,0.2203976190317411095482862785966731335
997,2021-04-19T00:00:00Z,0.1948607374936849555068262916969103753
998,2021-04-20T00:00:00Z,0.2049670087668359274879060833981245686
999,2021-04-21T00:00:00Z,0.18977011365011300466673834345849568
1000,2021-04-22T00:00:00Z,0.176383028311949627372373074298807181
1001,2021-04-23T00:00:00Z,0.162790711907012284120705745253710017
1002,2021-04-24T00:00:00Z,0.149088773491271504438529200081600122
1003,2021-04-25T00:00:00Z,0.1439324373515024312938228447921528032
1004,2021-04-26T00:00:00Z,0.1725011725884300041598343798462447645
1005,2021-04-27T00:00:00Z,0.220472141356743374114753379415095353
1006,2021-04-28T00:00:00Z,0.205566050687312637690984481371145388
1007,2021-04-29T00:00:00Z,0.200284009102144613353240641439486579
1008,2021-04-30T00:00:00Z,0.2085186089087071167121216117353595845
1009,2021-05-01T00:00:00Z,0.218907233574913291609230801474379592
1010,2021-05-02T00:00:00Z,0.2131328981787598968854125938115135580
1011,2021-05-03T00:00:00Z,0.2248092181645242321040423764998579640
1012,2021-05-04T00:00:00Z,0.207747415979201676726667556242522236
1013,2021-05-05T00:00:00Z,0.2188170100451480492311908304763450707
1014,2021-05-06T00:00:00Z,0.250611970464175313366755233327035569
1015,2021-05-07T00:00:00Z,0.234619962474281260845499066806762558
1016,2021-05-08T00:00:00Z,0.2456726943663255537885321793719291037
1017,2021-05-09T00:00:00Z,0.2458559982800002072160721102127886269
1018,2021-05-10T00:00:00Z,0.221940602119168061612758071439838351
1019,2021-05-11T00:00:00Z,0.232638754753741949555158025941955301
1020,2021-05-12T00:00:00Z,0.1895348305329505810254783464119702965
1021,2021-05-13T00:00:00Z,0.1921477010734488177082816063368093323
1022,2021-05-14T00:00:00Z,0.2076673958552514857731655438819498293
1023,2021-05-15T00:00:00Z,0.190599593116936585304596682125311997
1024,2021-05-16T00:00:00Z,0.188879151299167677836462673750109388
1025,2021-05-17T00:00:00Z,0.174018304516940977485616205191983791
1026,2021-05-18T00:00:00Z,0.180505490608755469724991370819048927
1027,2021-05-19T00:00:00Z,0.118401778538006785309526045718795578
1028,2021-05-20T00:00:00Z,0.149156922925275179773843224060220647
1029,2021-05-21T00:00:00Z,0.139988118629507929959406087743542796
1030,2021-05-22T00:00:00Z,0.1324329306878008312519151767438819944
1031,2021-05-23T00:00:00Z,0.094069192064763274618678809455579917
1032,2021-05-24T00:00:00Z,0.112715555927513544651294190214239676
1033,2021-05-25T00:00:00Z,0.113148187813718208548635062104936349
1034,2021-05-26T00:00:00Z,0.140452124692688732322552346096658210
1035,2021-05-27T00:00:00Z,0.126958322443602562208225647969338447
1036,2021-05-28T00:00:00Z,0.1153236467611579413639405197902279924
1037,2021-05-29T00:00:00Z,0.107852913788007823858587720686394931
1038,2021-05-30T00:00:00Z,0.1105731888223807602382090888603566469
1039,2021-05-31T00:00:00Z,0.1186501776097359471959589786648573217
1040,2021-06-01T00:00:00Z,0.1214477251749273924386847799806772452
1041,2021-06-02T00:00:00Z,0.1262104576110515891548069881614468152
1042,2021-06-03T00:00:00Z,0.143321369787054350701876009743468496
1043,2021-06-04T00:00:00Z,0.1287232360232534885497250484981467890
1044,2021-06-05T00:00:00Z,0.1230224484380713985879831391264888499
1045,2021-06-06T00:00:00Z,0.127816687080548414341190927441862057326
1046,2021-06-07T00:00:00Z,0.11313147829825345821082397725237089678
1047,2021-06-08T00:00:00Z,0.1098547662102967984663240241189583304006
1048,2021-06-09T00:00:00Z,0.1163662509571039433481711738661180642
1049,2021-06-10T00:00:00Z,0.1119917013714610319353737752687576571
1050,2021-06-11T00:00:00Z,0.104784503480239331587538959117119690
1051,2021-06-12T00:00:00Z,0.10061676612549016980407114445625883742
1052,2021-06-13T00:00:00Z,0.10880739754214361438488474539011335134
1053,2021-06-14T00:00:00Z,0.11159967915365120679795728521283161357
1054,2021-06-15T00:00:00Z,0.108849909575576671541287029959940465654
1055,2021-06-16T00:00:00Z,0.10626980763835484564441946755983340392
1056,2021-06-17T00:00:00Z,0.10702391080334435175723494874664906323574
1057,2021-06-18T00:00:00Z,0.107736275827961030912193893351494870
1058,2021-06-19T00:00:00Z,0.0977193586966465933696377177466670522
1059,2021-06-20T00:00:00Z,0.1012973417900494344996734800343643336
1060,2021-06-21T00:00:00Z,0.0740226715690772627355861421227057218
1061,2021-06-22T00:00:00Z,0.068987449925020829301412539943125858
1062,2021-06-23T00:00:00Z,0.0802545136985321616757998889840461428
1063,2021-06-24T00:00:00Z,0.0806030718998654153427576545622473045
1064,2021-06-25T00:00:00Z,0.071659846879161247570307445972587764
1065,2021-06-26T00:00:00Z,0.074130686742191797685731172421886784
1066,2021-06-27T00:00:00Z,0.0758239947568555224603619473547110049
1067,2021-06-28T00:00:00Z,0.081397576283377087522264883293738562
1068,2021-06-29T00:00:00Z,0.087765849961935033961428810537627413
1069,2021-06-30T00:00:00Z,0.0895227751226977736941646417734670570
1070,2021-07-01T00:00:00Z,0.0845299352937083616333813973295288984
1071,2021-07-02T00:00:00Z,0.0828235274320182411285845648334234394
1072,2021-07-03T00:00:00Z,0.0839707075218161581967567800165210692
1073,2021-07-04T00:00:00Z,0.0844211959789057049373915951813632508
1074,2021-07-05T00:00:00Z,0.0816987824701420625909452633511267137
1075,2021-07-06T00:00:00Z,0.082570025430195846447541464134232104
1076,2021-07-07T00:00:00Z,0.083055157978649505797875362952771028
1077,2021-07-08T00:00:00Z,0.0768830649940700599722678935747217030
1078,2021-07-09T00:00:00Z,0.075980158799364269534913678044278968
1079,2021-07-10T00:00:00Z,0.074207806476205988833120406760783444
1080,2021-07-11T00:00:00Z,0.0749309771789765400927754585213672725
1081,2021-07-12T00:00:00Z,0.0732071008391354687847200790861038004
1082,2021-07-13T00:00:00Z,0.0711448267033141806011644609236147539
1083,2021-07-14T00:00:00Z,0.0720545203331931457255489022453464769
1084,2021-07-15T00:00:00Z,0.0680935583076070151098582396363851986
1085,2021-07-16T00:00:00Z,0.062803794923630278256739712439750068
1086,2021-07-17T00:00:00Z,0.0629508858234028086198914889690274119
1087,2021-07-18T00:00:00Z,0.0642576329328174677379691645258970603
1088,2021-07-19T00:00:00Z,0.0594628004316724709575416963977000295
1089,2021-07-20T00:00:00Z,0.0543686504737245224532563170933781299
1090,2021-07-21T00:00:00Z,0.0591736361181101634536593336666586531
1091,2021-07-22T00:00:00Z,0.0624400934584674820051442145248338235
1092,2021-07-23T00:00:00Z,0.0634032181084643878445959423404313052
1093,2021-07-24T00:00:00Z,0.0651031347576535439687739245083399859
1094,2021-07-25T00:00:00Z,0.074510396521239947702435511783149103
1095,2021-07-26T00:00:00Z,0.074455256256223729178636370468403842
1096,2021-07-27T00:00:00Z,0.076390835454278305791481494969111012
1097,2021-07-28T00:00:00Z,0.0745271819212684197285519318514039412
1098,2021-07-29T00:00:00Z,0.0778104598339783762313366178545336898
1099,2021-07-30T00:00:00Z,0.0809663610655377337156345957888638676
1100,2021-07-31T00:00:00Z,0.083714908516686878980439361403943420
1101,2021-08-01T00:00:00Z,0.0801579816479628675086067660088000832
1102,2021-08-02T00:00:00Z,0.081896645597380591014493888895910988
1103,2021-08-03T00:00:00Z,0.0796460942860835580526133558502719480
1104,2021-08-04T00:00:00Z,0.0812763816420689183479981039385083327
1105,2021-08-05T00:00:00Z,0.0864278646135030361092671857386465206
1106,2021-08-06T00:00:00Z,0.0907644091962628285493560306597545236
1107,2021-08-07T00:00:00Z,0.092926092235964469432686679910297589
1108,2021-08-08T00:00:00Z,0.087699534173950195731930325585920673
1109,2021-08-09T00:00:00Z,0.0922673089725124948934491150345337065
1110,2021-08-10T00:00:00Z,0.0983499364588690969008965535813975007
1111,2021-08-11T00:00:00Z,0.103686148024069458963509199271285853
1112,2021-08-12T00:00:00Z,0.1007040681913805429342985779621946924
1113,2021-08-13T00:00:00Z,0.104420606460277012428135164070493961
1114,2021-08-14T00:00:00Z,0.1117932887038321915798623880589716891
1115,2021-08-15T00:00:00Z,0.1113368976320761362953695998760734773
1116,2021-08-16T00:00:00Z,0.1078718941197165529696134864758159583
1117,2021-08-17T00:00:00Z,0.100530203405580899849483521030313465
1118,2021-08-18T00:00:00Z,0.0972996277969650301665853095265056974
1119,2021-08-19T00:00:00Z,0.1042545971481186131633501185978648392
1120,2021-08-20T00:00:00Z,0.107632832737174551900379647981271243
1121,2021-08-21T00:00:00Z,0.107215001458303325365307976731987249
1122,2021-08-22T00:00:00Z,0.109305010950432002987325010591901378
1123,2021-08-23T00:00:00Z,0.114918781317242181515602386767432037
1124,2021-08-24T00:00:00Z,0.107714003907321079999255671578180793
1125,2021-08-25T00:00:00Z,0.113140581201793561293849992448743848
1126,2021-08-26T00:00:00Z,0.1062004558772428932578613773295768391
1127,2021-08-27T00:00:00Z,0.112679054878635899023230016987102689
1128,2021-08-28T00:00:00Z,0.1134750616702528485406515296588985106
1129,2021-08-29T00:00:00Z,0.1104994261071713655272198937118697947
1130,2021-08-30T00:00:00Z,0.1078286928708183618733394647494905120
1131,2021-08-31T00:00:00Z,0.1080716665855287648992683735789372342
1132,2021-09-01T00:00:00Z,0.1149818434721763821713942528689754695
1133,2021-09-02T00:00:00Z,0.1145607186980386217827427399699541606
1134,2021-09-03T00:00:00Z,0.1192565213141027195282124348113630348
1135,2021-09-04T00:00:00Z,0.125030150112300086150526136329089503
1136,2021-09-05T00:00:00Z,0.1313272585239341318390012735889565542
1137,2021-09-06T00:00:00Z,0.1307855771705139597820352547211856020
1138,2021-09-07T00:00:00Z,0.103336133015249921163425454398078007
1139,2021-09-08T00:00:00Z,0.1052835273487282978741353708618689166
1140,2021-09-09T00:00:00Z,0.109622603054766095659368699952509237
1141,2021-09-10T00:00:00Z,0.109509282657939358754232558253739574
1142,2021-09-11T00:00:00Z,0.1081675812646868583136047653101230956
1143,2021-09-12T00:00:00Z,0.113050722990810947324919763604614956
1144,2021-09-13T00:00:00Z,0.104401178118231601916461696989083207
1145,2021-09-14T00:00:00Z,0.1081349922930216212260465684212551524
1146,2021-09-15T00:00:00Z,0.1120299267880618989771204614640508995
1147,2021-09-16T00:00:00Z,0.1134668494118968359929526050645789922
1148,2021-09-17T00:00:00Z,0.110738271490165883111734705969759865
1149,2021-09-18T00:00:00Z,0.109527230076548815295350429593687059
1150,2021-09-19T00:00:00Z,0.1043751886313598227159355993745712089
1151,2021-09-20T00:00:00Z,0.0889048381481724032090971249035301381
1152,2021-09-21T00:00:00Z,0.0824874652381832078162783022877628343
1153,2021-09-22T00:00:00Z,0.093627233976990570149738934742474888
1154,2021-09-23T00:00:00Z,0.094232861069348228360355388419071179
1155,2021-09-24T00:00:00Z,0.0863931288623856000639139921680736390
1156,2021-09-25T00:00:00Z,0.085461094879073727489536620158490516
1157,2021-09-26T00:00:00Z,0.0848468320786617099875715702377501750
1158,2021-09-27T00:00:00Z,0.0807638743530502002092935429408891953
1159,2021-09-28T00:00:00Z,0.0761738399411762002311810240879570190
1160,2021-09-29T00:00:00Z,0.083317418374361478572112324734756639
1161,2021-09-30T00:00:00Z,0.0864393274407434808575208779255600122
1162,2021-10-01T00:00:00Z,0.095401342425793047615282445083509507
1163,2021-10-02T00:00:00Z,0.098189526110196716078713510089396873
1164,2021-10-03T00:00:00Z,0.1007050552677860294518764953464950761
1165,2021-10-04T00:00:00Z,0.0986091910295891934350853051487008967
1166,2021-10-05T00:00:00Z,0.1037386879751173803058152382528726397
1167,2021-10-06T00:00:00Z,0.1000069613771304927940184471149548983
1168,2021-10-07T00:00:00Z,0.099524121777314669629808551767702411
1169,2021-10-08T00:00:00Z,0.1023392102724156384210627105851484344
1170,2021-10-09T00:00:00Z,0.1049983179738200115836368336617317042
1171,2021-10-10T00:00:00Z,0.0981738891415875274368369459209629967
1172,2021-10-11T00:00:00Z,0.096158127517776327533972960975894903
1173,2021-10-12T00:00:00Z,0.0928859157301334080602470982770715002
1174,2021-10-13T00:00:00Z,0.0950871696739785567637268165942639973
1175,2021-10-14T00:00:00Z,0.0998180430445872742677226390567725188
1176,2021-10-15T00:00:00Z,0.0978251364094931089510126131150671032
1177,2021-10-16T00:00:00Z,0.0964465966146980864181726307265975909
